{
  "properties": {
    "connectionReferences": {
      "shared_commondataserviceforapps": {
        "runtimeSource": "embedded",
        "connection": {
          "connectionReferenceLogicalName": "cr02b_sharedcommondataserviceforapps_b01a5"
        },
        "api": {
          "name": "shared_commondataserviceforapps"
        }
      },
      "shared_conversionservice": {
        "runtimeSource": "embedded",
        "connection": {
          "connectionReferenceLogicalName": "rr_sharedconversionservice_4b38d"
        },
        "api": {
          "name": "shared_conversionservice"
        }
      }
    },
    "definition": {
      "$schema": "https://schema.management.azure.com/providers/Microsoft.Logic/schemas/2016-06-01/workflowdefinition.json#",
      "contentVersion": "1.0.0.0",
      "parameters": {
        "$connections": {
          "defaultValue": {},
          "type": "Object"
        },
        "$authentication": {
          "defaultValue": {},
          "type": "SecureObject"
        }
      },
      "triggers": {
        "When_a_row_is_added,_modified_or_deleted": {
          "metadata": {
            "operationMetadataId": "6d9f46f7-e37a-456c-8be3-192982041431"
          },
          "type": "OpenApiConnectionWebhook",
          "inputs": {
            "parameters": {
              "subscriptionRequest/message": 1,
              "subscriptionRequest/entityname": "email",
              "subscriptionRequest/scope": 4,
              "subscriptionRequest/runas": 3,
              "subscriptionRequest/name": "e5119f26-16e3-ef11-9342-000d3ab761f4"
            },
            "host": {
              "connectionName": "shared_commondataserviceforapps",
              "operationId": "SubscribeWebhookTrigger",
              "apiId": "/providers/Microsoft.PowerApps/apis/shared_commondataserviceforapps"
            },
            "authentication": "@parameters('$authentication')"
          }
        }
      },
      "actions": {
        "Get_a_row_by_ID": {
          "runAfter": {},
          "metadata": {
            "operationMetadataId": "e5caff82-2b35-4a3a-bc01-b7f5cdd42418"
          },
          "type": "OpenApiConnection",
          "inputs": {
            "parameters": {
              "entityName": "emails",
              "recordId": "@triggerOutputs()?['body/activityid']"
            },
            "host": {
              "connectionName": "shared_commondataserviceforapps",
              "operationId": "GetItem",
              "apiId": "/providers/Microsoft.PowerApps/apis/shared_commondataserviceforapps"
            },
            "authentication": "@parameters('$authentication')"
          }
        },
        "Condition": {
          "actions": {
            "Add_new_case": {
              "runAfter": {
                "Predict": [
                  "Succeeded"
                ]
              },
              "metadata": {
                "operationMetadataId": "4d56b03e-5214-4eab-86bb-a8a4613387e4"
              },
              "type": "OpenApiConnection",
              "inputs": {
                "parameters": {
                  "entityName": "rr_cases",
                  "item/rr_Category@odata.bind": "rr_categories(@{outputs('Predict')?['body/responsev2/predictionOutput/structuredOutput/category_id']})",
                  "item/rr_name": "@outputs('Predict')?['body/responsev2/predictionOutput/structuredOutput/title']",
                  "item/rr_summary": "@outputs('Predict')?['body/responsev2/predictionOutput/structuredOutput/summary']"
                },
                "host": {
                  "connectionName": "shared_commondataserviceforapps",
                  "operationId": "CreateRecord",
                  "apiId": "/providers/Microsoft.PowerApps/apis/shared_commondataserviceforapps"
                },
                "authentication": "@parameters('$authentication')"
              }
            },
            "Relate_rows": {
              "runAfter": {
                "Add_new_case": [
                  "Succeeded"
                ]
              },
              "metadata": {
                "operationMetadataId": "6052a292-bf8c-4831-871d-9d186b87d707"
              },
              "type": "OpenApiConnection",
              "inputs": {
                "parameters": {
                  "entityName": "rr_cases",
                  "recordId": "@outputs('Add_new_case')?['body/rr_caseid']",
                  "associationEntityRelationship": "rr_case_Emails",
                  "item/@odata.id": "@outputs('Get_a_row_by_ID')?['body/@odata.id']"
                },
                "host": {
                  "connectionName": "shared_commondataserviceforapps",
                  "operationId": "AssociateEntities",
                  "apiId": "/providers/Microsoft.PowerApps/apis/shared_commondataserviceforapps"
                },
                "authentication": "@parameters('$authentication')"
              }
            },
            "Html_to_text": {
              "runAfter": {},
              "metadata": {
                "operationMetadataId": "2dfde287-6fd0-4ea1-b8ae-62e7c6d5dd72"
              },
              "type": "OpenApiConnection",
              "inputs": {
                "host": {
                  "connectionName": "shared_conversionservice",
                  "operationId": "HtmlToText",
                  "apiId": "/providers/Microsoft.PowerApps/apis/shared_conversionservice"
                },
                "parameters": {
                  "Content": "<p class=\"editor-paragraph\">@{outputs('Get_a_row_by_ID')?['body/description']}</p>"
                },
                "authentication": "@parameters('$authentication')"
              }
            },
            "ListCategories": {
              "runAfter": {
                "Html_to_text": [
                  "Succeeded"
                ]
              },
              "metadata": {
                "operationMetadataId": "00db7d76-4459-4831-8da1-67a0e2737394"
              },
              "type": "OpenApiConnection",
              "inputs": {
                "parameters": {
                  "entityName": "rr_categories"
                },
                "host": {
                  "connectionName": "shared_commondataserviceforapps",
                  "operationId": "ListRecords",
                  "apiId": "/providers/Microsoft.PowerApps/apis/shared_commondataserviceforapps"
                },
                "authentication": "@parameters('$authentication')"
              }
            },
            "SelectCategoryValues": {
              "runAfter": {
                "ListCategories": [
                  "Succeeded"
                ]
              },
              "metadata": {
                "operationMetadataId": "6e21d3b9-d470-4ed5-926e-ffbab5376523"
              },
              "type": "Select",
              "inputs": {
                "from": "@outputs('ListCategories')?['body/value']",
                "select": {
                  "id": "@item()?['rr_categoryid']",
                  "name": "@item()?['rr_name']",
                  "description": "@item()?['rr_description']"
                }
              }
            },
            "Predict": {
              "runAfter": {
                "SelectCategoryValues": [
                  "Succeeded"
                ]
              },
              "metadata": {
                "flowSystemMetadata": {
                  "portalOperationId": "aibuilderpredict",
                  "portalOperationGroup": "aibuilder",
                  "portalOperationApiDisplayNameOverride": "AI Builder",
                  "portalOperationIconOverride": "https://content.powerapps.com/resource/makerx/static/pauto/images/designeroperations/aiBuilderNew.51dbdb6b.png",
                  "portalOperationBrandColorOverride": "#0A76C4",
                  "portalOperationApiTierOverride": "Standard"
                },
                "operationMetadataId": "76b10d33-61ac-491f-b676-c44a098aeaed"
              },
              "type": "OpenApiConnection",
              "inputs": {
                "parameters": {
                  "recordId": "746a768e-a80a-4fa2-b9a9-683de853ad81",
                  "item/requestv2/subject": "@outputs('Get_a_row_by_ID')?['body/subject']",
                  "item/requestv2/mail": "@body('Html_to_text')",
                  "item/requestv2/categories": "@body('SelectCategoryValues')"
                },
                "host": {
                  "connectionName": "shared_commondataserviceforapps",
                  "operationId": "aibuilderpredict",
                  "apiId": "/providers/Microsoft.PowerApps/apis/shared_commondataserviceforapps"
                },
                "authentication": "@parameters('$authentication')"
              }
            }
          },
          "runAfter": {
            "Get_a_row_by_ID": [
              "Succeeded"
            ]
          },
          "expression": {
            "and": [
              {
                "equals": [
                  "@outputs('Get_a_row_by_ID')?['body/_regardingobjectid_value']",
                  "@null"
                ]
              }
            ]
          },
          "metadata": {
            "operationMetadataId": "28285d5d-7143-4c81-9b50-802af259babf"
          },
          "type": "If"
        }
      }
    },
    "templateName": ""
  },
  "schemaVersion": "1.0.0.0"
}